location_key,location_cd,location_dsc,loc_brand_cd,loc_brand_dsc,store_city,store_pcode,district,country_key
255010002,255,MDL PINHAL NOVO,303,continente modelo,PINHAL NOVO,2955-189,303,PT010001
3573010004,3573,CBD CAMPO MAIOR,302,continente bom dia,CAMPO MAIOR,7370-201,302,PT010001
8427010003,8427,CBD 500 COLOMBO,302,continente bom dia,LISBOA,1500-392,302,PT010001
867010003,867,MDL CÂMARA DE LOBOS,303,continente modelo,CÂMARA DE LOBOS,9300-066,303,PT010001
2257010003,2257,CBD 800 FAJÕES,302,continente bom dia,OLIVEIRA AZEMEIS,3700-638,302,PT010001
238010002,238,MDL CARTAXO,303,continente modelo,CARTAXO,2070-621,303,PT010001
8524010006,8524,CBD BAIXA BANHEIRA,302,continente bom dia,BAIXA DA BANHEIRA,2835-153,302,PT010001
2400010006,2400,MDL COIMBRA EIRAS,303,continente modelo,EIRAS,3020-497,303,PT010001
4895010005,4895,MDL ODIAXERE,303,continente modelo,ODIAXERE,8600-250,303,PT010001
2084010003,2084,MDL SANT ANTÓNIO,303,continente modelo,FUNCHAL,9020-401,303,PT010001
9055010005,9055,MDL Capelas-Açores,303,continente modelo,PONTA DELGADA,9545-143,303,PT010001
3366010005,3366,MDL FIGUEIRA FOZ,303,continente modelo,FIGUEIRA DA FOZ,3080-897,303,PT010001
4964010005,4964,CBD VILA DO CONDE,302,continente bom dia,VILA DO CONDE,4485-592,302,PT010001
9083010003,9083,CBD BREJOS AZEITÃO,302,continente bom dia,BREJOS DE AZEITÃO,2925-148,302,PT010001
2634010003,2634,CBD V PRAIA ANCORA,302,continente bom dia,V. PRAIA ÂNCORA,4910-456,302,PT010001
1715010007,1715,CBD SERTÃ,302,continente bom dia,SERTA,6100-751,302,PT010001
5154010004,5154,CBD VIZ RUA DA PALMA,302,continente bom dia,LISBOA,1100-395,302,PT010001
5010003,5,CNT LEIRIA,143,continente,LEIRIA,2415-369,143,PT010001
320010003,320,CBD VIZ QUELUZ,302,continente bom dia,QUELUZ,2745-332,302,PT010001
331010002,331,CBD ALGÉS,302,continente bom dia,ALGÉS,1495-241,302,PT010001
1905010004,1905,CBD SERPA PINTO PRT,302,continente bom dia,PORTO,4100-409,302,PT010001
9664010006,9664,CBD COVILHA,302,continente bom dia,COVILHÃ,6200-027,302,PT010001
1059010007,1059,MDL ILHAVO,303,continente modelo,ILHAVO,3830-300,303,PT010001
319010004,319,CBD S. JOAO FOZ,302,continente bom dia,PORTO,4150-414,302,PT010001
2253010003,2253,CBD 800 S PEDRO COVA,302,continente bom dia,GONDOMAR,4510-460,302,PT010001
231010002,231,MDL V. CAMBRA,303,continente modelo,VALE DE CAMBRA,3730-401,303,PT010001
494010006,494,MDL POMBAL,303,continente modelo,POMBAL,3100-545,303,PT010001
803010002,803,MDL Horta-Açores,303,continente modelo,HORTA,9900-038,303,PT010001
7873010005,7873,CBD 200 BENFICA,302,continente bom dia,LISBOA,1500-501,302,PT010001
1704010005,1704,CBD PONTE DE PEDRA,302,continente bom dia,MAIA,4470-108,302,PT010001
327010002,327,CBD VIZ BENFICA,302,continente bom dia,LISBOA,1500-471,302,PT010001
461010004,461,CNT S.AT CAVALEIROS,143,continente,LOURES,2670-339,143,PT010001
464010002,464,CNT TELHEIRAS,143,continente,TELHEIRAS,1600-528,143,PT010001
847010003,847,MDL CANIÇO,303,continente modelo,CANIÇO,9125-068,303,PT010001
3609010004,3609,CBD AVANCA,302,continente bom dia,AVANCA,3860-157,302,PT010001
1010002,1,CNT MATOSINHOS,143,continente,SENHORA DA  HORA MTS,4464-503,143,PT010001
2402010005,2402,CBD LAVRA,302,continente bom dia,MATOSINHOS,4455-137,302,PT010001
2090010003,2090,MDL VIZELA,303,continente modelo,VIZELA,4815-401,303,PT010001
2089010002,2089,MDL SÃO MARTINHO,303,continente modelo,FUNCHAL,9000-070,303,PT010001
1053010004,1053,MDL MIRA MAIA,303,continente modelo,MAIA,4470-274,303,PT010001
1054010003,1054,MDL SESIMBRA,303,continente modelo,SESIMBRA - CASTELO,2970-866,303,PT010001
2754010004,2754,CBD COIMBRA AUTOIND,302,continente bom dia,COIMBRA,3040-320,302,PT010001
1484010005,1484,CBD 800 OLIV FRADES,302,continente bom dia,OLIVEIRA FRADES,3680-146,302,PT010001
842010003,842,MDL CANCELA,303,continente modelo,FUNCHAL,9050-299,303,PT010001
2082010002,2082,MDL RIB BRAVA CENTRO,303,continente modelo,RIBEIRA BRAVA,9350-150,303,PT010001
5152010004,5152,CBD GUARDA,302,continente bom dia,GUARDA,6300-864,302,PT010001
303010002,303,CBD VIZ CAMPO GRANDE,302,continente bom dia,LISBOA,1700-086,302,PT010001
940010002,940,CNT VALONGO,143,continente,VALONGO,4440-837,143,PT010001
271010004,271,MDL ARROJA,303,continente modelo,ODIVELAS,1685-654,303,PT010001
246010004,246,MDL SINTRA,303,continente modelo,SINTRA,2710-140,303,PT010001
1169010003,1169,MDL OVAR,303,continente modelo,OVAR,3880-783,303,PT010001
247010002,247,MDL PAREDES,303,continente modelo,PAREDES,4580-233,303,PT010001
1352010006,1352,CBD FABRICA COBRE,302,continente bom dia,PORTO,4350-214,302,PT010001
9024010004,9024,CBD ÓBIDOS,302,continente bom dia,ÓBIDOS,2510-081,302,PT010001
7012010003,7012,CBD VILA VERDE,302,continente bom dia,VILA VERDE,4730-715,302,PT010001
2076010004,2076,CBD CANEÇAS,302,continente bom dia,Caneças,1685-581,302,PT010001
223010002,223,MDL T. VEDRAS,303,continente modelo,TORRES VEDRAS,2560-000,303,PT010001
221010002,221,MDL ALCOBACA,303,continente modelo,ALCOBAÇA,2460-052,303,PT010001
2086010002,2086,MDL SANTANA,303,continente modelo,SANTANA,9230-085,303,PT010001
7695010006,7695,MDL PORTELA RALIS,303,continente modelo,PORTELA,2685-252,303,PT010001
1908010005,1908,CBD PÓVOA STª IRIA,302,continente bom dia,PÓVOA STª IRIA,2625-247,302,PT010001
3395010003,3395,CBD SANTIAGO CACÉM,302,continente bom dia,SANTIAGO CACÉM,7540-113,302,PT010001
807010002,807,MDL Lagoa-Açores,303,continente modelo,LAGOA,9560-414,303,PT010001
1902010005,1902,CBD CHOUPAL-ALVERCA,302,continente bom dia,VILA FRANCA DE XIRA,2615-009,302,PT010001
7833010004,7833,TENDA MH POMBAL.,303,continente modelo,POMBAL,3100-505,303,PT010001
4290010003,4290,CBD ASPRELA,302,continente bom dia,PARANHOS,4200-116,302,PT010001
3580010004,3580,CBD V NOVA CERVEIRA,302,continente bom dia,VILA NOVA CERVEIRA,4920-260,302,PT010001
213010003,213,MDL T. NOVAS,303,continente modelo,TORRES NOVAS,2350-537,303,PT010001
1909010006,1909,CBD ALFORNELOS,302,continente bom dia,AMADORA,2650-161,302,PT010001
224010002,224,MDL CHAVES,303,continente modelo,CHAVES,5400-570,303,PT010001
217010003,217,CNT EVORA,143,continente,ÉVORA,7000-172,143,PT010001
340010005,340,CBD MASSARELOS,302,continente bom dia,PORTO,4150-138,302,PT010001
4228010003,4228,CBD PONTE DA BARCA,302,continente bom dia,PONTE DA BARCA,4971-000,302,PT010001
3603010004,3603,CBD AVEIRO ESTAÇÃO,302,continente bom dia,AVEIRO,3800-385,302,PT010001
309010002,309,CBD VIZ OEIRAS,302,continente bom dia,OEIRAS,2780-199,302,PT010001
927010004,927,CNT BARREIRO,143,continente,BARREIRO,2830-248,143,PT010001
5763010008,5763,CBD LEIRIA MARRAZES,302,continente bom dia,MARRAZES,2415-369,302,PT010001
3585010004,3585,CBD ENTRONCAMENTO,302,continente bom dia,ENTRONCAMENTO,2330-066,302,PT010001
323010003,323,CBD MASSAMA NRT,302,continente bom dia,BELAS,2605-661,302,PT010001
1906010006,1906,CBD CRUZ DE PAU,302,continente bom dia,CRUZ DE PAU,2845-547,302,PT010001
294010005,294,MDL SETUBAL,303,continente modelo,SETÚBAL,2910-272,303,PT010001
4526010004,4526,CBD ALPIARCA,302,continente bom dia,ALPIARÇA,2090-103,302,PT010001
7678010004,7678,CBD BAGUIM DO MONTE,302,continente bom dia,BAGUIM DO MONTE,4435-816,302,PT010001
3864010003,3864,CBD CALDAS TAIPAS,302,continente bom dia,GUIMARAES,4805-669,302,PT010001
215010003,215,CNT SANTAREM,143,continente,SANTAREM,2005-181,143,PT010001
7903010002,7903,TENDA CNT AMADORA,143,continente,AMADORA,2724-510,143,PT010001
220010003,220,MDL ABRANTES,303,continente modelo,ABRANTES,2200-210,303,PT010001
266010002,266,MDL S. MAGOS,303,continente modelo,SALVATERRA,2120-066,303,PT010001
5153010004,5153,CBD BARCELOS,302,continente bom dia,BARCELOS,4750-234,302,PT010001
219010003,219,MDL STO. TIRSO,303,continente modelo,SANTO TIRSO,4780-140,303,PT010001
4508010006,4508,CBD TORRES V ARENES,302,continente bom dia,TORRES VEDRAS,2560-582,302,PT010001
277010002,277,MDL TROFA,303,continente modelo,TROFA,4785-716,303,PT010001
205010002,205,MDL CALDAS,303,continente modelo,CALDAS DA RAINHA,2500-136,303,PT010001
313010002,313,CBD SACAVEM,302,continente bom dia,SACAVÉM,2685-010,302,PT010001
4010002,4,CNT GAIASHOPPING,143,continente,VILA NOVA DE GAIA,4404-501,143,PT010001
805010002,805,MDL P Victor-Açores,303,continente modelo,PRAIA DA VITÓRIA,9760-403,303,PT010001
2852010002,2852,MDL Fajã-Açores,303,continente modelo,PONTA DELGADA,9500-452,303,PT010001
6089010005,6089,MDL BEJA RETAIL,303,continente modelo,BEJA,7800-098,303,PT010001
2692010003,2692,CBD QUINTA DO ANJO,302,continente bom dia,PALMELA,2950-805,302,PT010001
1949010005,1949,CNT ONLINE BAZAAR,888,E-commerce MC,VALONGO,4440-837,888,PT010001
1503010004,1503,MDL SINES,303,continente modelo,SINES,7520-137,303,PT010001
6091010004,6091,MDL ESTORIL,303,continente modelo,ESTORIL,2765-000,303,PT010001
5759010005,5759,CBD OLHÃO,302,continente bom dia,OLHÃO,8700-474,302,PT010001
250010002,250,MDL S. COSME,303,continente modelo,GONDOMAR,4420-490,303,PT010001
1984010003,1984,CBD MATOSINHOS,302,continente bom dia,MATOSINHOS,4450-016,302,PT010001
843010003,843,MDL RIB. BRAVA,303,continente modelo,RIBEIRA BRAVA,9350-131,303,PT010001
262010003,262,MDL P. VARZIM,303,continente modelo,POVOA DE VARZIM,4495-252,303,PT010001
3386010004,3386,CBD ARRUDA VINHOS,302,continente bom dia,ARRUDA DOS VINHOS,2630-299,302,PT010001
336010004,336,CBD VIZ CARL. MARDEL,302,continente bom dia,LISBOA,1900-122,302,PT010001
1058010005,1058,MDL TIRES,303,continente modelo,SÃO DOMINGOS D RANA,2785,303,PT010001
241010004,241,MDL C. BRANCO,303,continente modelo,CASTELO BRANCO,6000-145,303,PT010001
468010003,468,CNT TORRES NOVAS,143,continente,TORRES NOVAS,2350-484,143,PT010001
7763010004,7763,CBD CC ROMA,302,continente bom dia,LISBOA,1700-115,302,PT010001
9663010006,9663,CBD CANEDO,302,continente bom dia,STA MARIA DA FEIRA,4525-189,302,PT010001
3387010006,3387,MDL CARREGADO,303,continente modelo,ALENQUER,2580-351,303,PT010001
2401010004,2401,CBD BARBOSA BOCAGE,302,continente bom dia,LISBOA,1050-053,302,PT010001
7116010005,7116,CNT LAB F VILHENA,147,continente labs,LISBOA,1000-135,147,PT010001
7207010005,7207,MDL CARCAVELOS,303,continente modelo,CARCAVELOS,2775-716,303,PT010001
5739010003,5739,CBD 800 PAREDES CENT,302,continente bom dia,PAREDES,4580-875,302,PT010001
210010003,210,CNT S.J. MADEIRA,143,continente,S JOÃO DA MADEIRA,3700-205,143,PT010001
245010002,245,MDL BRAGA,303,continente modelo,BRAGA,4700-154,303,PT010001
6891010006,6891,MDL SEIXAL,303,continente modelo,SEIXAL-FERNAO FERRO,2840-132,303,PT010001
334010002,334,MDL FAMALICÃO,303,continente modelo,FAMALICÃO,4760-727,303,PT010001
3464010005,3464,CBD VENDAS NOVAS,302,continente bom dia,VENDAS NOVAS,7080-032,302,PT010001
258010002,258,MDL LAGOS,303,continente modelo,LAGOS,8600-581,303,PT010001
8548010005,8548,CBD ALPENDURADA,302,continente bom dia,MARCO DE CANAVEZES,4576-701,302,PT010001
7214010004,7214,CBD GANDRA PAREDES,302,continente bom dia,GANDRA,4585-248,302,PT010001
234010002,234,MDL MAFRA,303,continente modelo,MAFRA,2640-577,303,PT010001
4322010006,4322,CBD SANTO ANDRE,302,continente bom dia,SANTO ANDRÉ,7500-110,302,PT010001
9587010006,9587,CBD QUELUZ P COUCEIR,302,continente bom dia,QUELUZ,2745-190,302,PT010001
1978010004,1978,CNT PORTIMÃO 2,143,continente,PORTIMÃO,8500-313,143,PT010001
1505010005,1505,CBD SEIA,302,continente bom dia,SEIA,6270-000,302,PT010001
5767010005,5767,CBD QUINTA MARQUÊS,302,continente bom dia,OEIRAS,2780-155,302,PT010001
801010002,801,MDL P Delgad-Açores,303,continente modelo,PONTA DELGADA,9500,303,PT010001
1391010007,1391,MDL RIO MAIOR,303,continente modelo,RIO MAIOR,2040-413,303,PT010001
261010002,261,MDL O. AZEMEIS,303,continente modelo,OLIVEIRA DE AZEMEIS,3720-256,303,PT010001
7691010005,7691,CBD 500 GEN ROÇADAS,302,continente bom dia,LISBOA,1170-159,302,PT010001
2093010004,2093,CNT ONLINE MANUAIS,888,E-commerce MC,VALONGO,4440-837,888,PT010001
7831010004,7831,TENDA MH AG PENA.,303,continente modelo,FUNCHAL,9200-017,303,PT010001
7914010002,7914,TENDA MH TORRES NOVA,303,continente modelo,TORRES NOVAS,2350-537,303,PT010001
2162010004,2162,CNT ONLINE CENT DROP,888,E-commerce MC,SENHORA DA HORA,4464-503,888,PT010001
7905010002,7905,TENDA CNT EVORA,143,continente,EVORA,7000-172,143,PT010001
8736010005,8736,CBD CARVALHOS,302,continente bom dia,CARVALHOS,4415-385,302,PT010001
16010002,16,CNT OVAR,143,continente,OVAR,3880-109,143,PT010001
321010002,321,CBD VIZ ALM. BARROSO,302,continente bom dia,LISBOA,1000-012,302,PT010001
209010002,209,CNT VIANA,143,continente,VIANA DO CASTELO,4900-204,143,PT010001
7683010004,7683,CBD 500 VIA CATARINA,302,continente bom dia,PORTO,4000-449,302,PT010001
282010005,282,CBD VIZ S. JOÃO VER,302,continente bom dia,LOUROSA,4520-605,302,PT010001
4873010004,4873,CBD 800 MONTEMOR O V,302,continente bom dia,MONTEMOR O VELHO,3140-097,302,PT010001
381010005,381,MDL LAMEGO,303,continente modelo,LAMEGO,5100-190,303,PT010001
1501010006,1501,MDL SM DA FEIRA,303,continente modelo,SANTA MARIA DA FEIRA,4520-192,303,PT010001
281010002,281,MDL ESPOSENDE,303,continente modelo,ESPOSENDE,4740-010,303,PT010001
3192010005,3192,MDL ALTA LISBOA,303,continente modelo,LISBOA,1750-480,303,PT010001
3341010002,3341,CBD PÓVOA LANHOSO,302,continente bom dia,PÓVOA LANHOSO,4830-360,302,PT010001
242010002,242,MDL P. FERREIRA,303,continente modelo,PAÇOS FERREIRA,4580-136,303,PT010001
5745010004,5745,CBD OIA,302,continente bom dia,OIA,3770-059,302,PT010001
333010004,333,CNT MAIA JARDIM,143,continente,MAIA,4475-451,143,PT010001
249010002,249,MDL FANZERES,303,continente modelo,GONDOMAR,4510-570,303,PT010001
804010002,804,MDL A Herois-Açores,303,continente modelo,ANGRA DO HEROISMO,9700-037,303,PT010001
280010002,280,MDL FAFE,303,continente modelo,FAFE,4820-273,303,PT010001
2864010007,2864,MDL ALTO DO LUMIAR,303,continente modelo,LISBOA,1750-314,303,PT010001
1911010005,1911,CBD ALCOCHETE,302,continente bom dia,ALCOCHETE,2890-013,302,PT010001
229010002,229,MDL ELVAS,303,continente modelo,ELVAS,7350-214,303,PT010001
5749010007,5749,CBD S BRAS ALPORTEL,302,continente bom dia,SAO BRAS DE ALPORTEL,8150-101,302,PT010001
240010002,240,MDL V.F. XIRA,303,continente modelo,VILA FRANCA DE XIRA,2600-723,303,PT010001
236010003,236,MDL AGUEDA,303,continente modelo,ÁGUEDA,3750-301,303,PT010001
3331010005,3331,CBD BRAGA S JOSE,302,continente bom dia,BRAGA,4710-913,302,PT010001
307010002,307,CBD NORTESHOPPING,302,continente bom dia,SENHORA DA HORA,4464-503,302,PT010001
1700010005,1700,MDL QUARTEIRA,303,continente modelo,QUARTEIRA,8125-303,303,PT010001
265010003,265,MDL ERMESINDE,303,continente modelo,ERMESINDE,4445-502,303,PT010001
1056010003,1056,MDL LIXA,303,continente modelo,LIXA,4615-655,303,PT010001
270010002,270,MDL ALMEIRIM,303,continente modelo,ALMEIRIM,2080-107,303,PT010001
312010002,312,CBD VIZ STA QUITERIA,302,continente bom dia,LISBOA,1250-212,302,PT010001
2083010002,2083,MDL SEMINÁRIO,303,continente modelo,FUNCHAL,9050-022,303,PT010001
259010002,259,MDL MOITA,303,continente modelo,MOITA,2860-707,303,PT010001
324010004,324,CBD VIZ AV REPUBLICA,302,continente bom dia,VILA NOVA DE GAIA,4430-247,302,PT010001
4291010003,4291,CBD VIZ RESTELO,302,continente bom dia,LISBOA,1400-314,302,PT010001
9622010004,9622,CBD VIALONGA,302,continente bom dia,VIALONGA,2625-655,302,PT010001
298010002,298,MDL NAZARÉ,303,continente modelo,NAZARÉ,2450-287,303,PT010001
4251010003,4251,CBD CABECA SANTA,302,continente bom dia,PENAFIEL,4575-126,302,PT010001
1415010010,1415,MDL CACÉM,303,continente modelo,CACEM,2735-312,303,PT010001
4960010004,4960,CBD GOUVEIA,302,continente bom dia,GOUVEIA,6290-370,302,PT010001
1702010005,1702,CBD CELEIRÓS,302,continente bom dia,BRAGA,4705-474,302,PT010001
3605010003,3605,CBD BRAGA QT PORTAS,302,continente bom dia,BRAGA,4705-105,302,PT010001
232010004,232,MDL T. MERCES,303,continente modelo,MEM MARTINS,2725-580,303,PT010001
7010002,7,CNT SEIXAL,143,continente,SEIXAL,2840-293,143,PT010001
314010002,314,CBD 500 LECA,302,continente bom dia,LEÇA DA PALMEIRA,4450-590,302,PT010001
845010003,845,MDL VIVEIROS,303,continente modelo,FUNCHAL,9000-310,303,PT010001
2403010005,2403,CBD TONDELA,302,continente bom dia,TONDELA,3460-591,302,PT010001
1493010005,1493,MDL MONUMENTAL,303,continente modelo,FUNCHAL,9000-250,303,PT010001
4752010002,4752,MDL Madalena-Açores,303,continente modelo,MADALENA,9950-323,303,PT010001
5746010008,5746,CBD SOBRAL M AGRAÇO,302,continente bom dia,SOBRAL MONTE AGRAÇO,2590-030,302,PT010001
13010002,13,CNT GUIA,143,continente,ALBUFEIRA,8200-417,143,PT010001
239010002,239,MDL BRAGANCA,303,continente modelo,BRAGANÇA,5300-068,303,PT010001
212010003,212,CNT COVILHA,143,continente,COVILHÃ,6200-546,143,PT010001
9586010004,9586,CBD VIZ CARNAXD WTC,302,continente bom dia,CARNAXIDE,2790-045,302,PT010001
3198010003,3198,CBD MACED CAVALEIROS,302,continente bom dia,MACEDO DE CAVALEIROS,5340-194,302,PT010001
325010004,325,CBD BOUCINHAS,302,continente bom dia,OLIVEIRA DO DOURO,4430-247,302,PT010001
2813010006,2813,CBD AV BOAVISTA,302,continente bom dia,PORTO,4100-409,302,PT010001
290010003,290,MDL MACHICO,303,continente modelo,MACHICO,9200-017,303,PT010001
465010003,465,CNT FÓRUM COIMBRA,143,continente,ALM COIMBRA,3044-520,143,PT010001
9379010005,9379,CBD CALDAS RAINHA,302,continente bom dia,CALDAS DA RAINHA,2500-200,302,PT010001
1943010003,1943,MDL PENAFIEL,303,continente modelo,PENAFIEL,4560-232,303,PT010001
289010003,289,MDL ALVERCA,303,continente modelo,ALVERCA,2615-094,303,PT010001
3332010005,3332,CBD GOLEGÃ,302,continente bom dia,GOLEGÃ,2150-154,302,PT010001
4860010005,4860,CBD COVA DA PIEDADE,302,continente bom dia,COVA DA PIEDADE,2805-255,302,PT010001
3696010004,3696,CBD SANTO AMARO OEIR,302,continente bom dia,OEIRAS,2780-335,302,PT010001
4696010006,4696,CBD MOURA,302,continente bom dia,MOURA,7861-909,302,PT010001
1985010004,1985,CBD PAREDE II,302,continente bom dia,CASCAIS,2775-029,302,PT010001
251010002,251,MDL FARO II,303,continente modelo,FARO,8000-800,303,PT010001
2010003,2,CNT AMADORA,143,continente,AMADORA,2720-510,143,PT010001
1057010003,1057,MDL MONTELAVAR,303,continente modelo,MONTELAVAR-SINTRA,2715-686,303,PT010001
214010004,214,MDL TOMAR,303,continente modelo,TOMAR,2300-410,303,PT010001
7943010003,7943,CBD CONDEIXA,302,continente bom dia,CONDEIXA A NOVA,3150-100,302,PT010001
3191010005,3191,MDL VRS ANTONIO,303,continente modelo,VILA REAL S ANTONIO,8900-211,303,PT010001
3883010005,3883,CBD SANTA COMBA DÃO,302,continente bom dia,SANTA COMBA DAO,3440-323,302,PT010001
256010002,256,MDL QTA. CONDE,303,continente modelo,QUINTA DO CONDE,2975-333,303,PT010001
2404010006,2404,CBD ALBERGARIA,302,continente bom dia,ALBERGARIA,3850-184,302,PT010001
3698010004,3698,CBD GANDARA OLIVAIS,302,continente bom dia,LEIRIA,2415-598,302,PT010001
9054010003,9054,MDL Arrifes-Açores,303,continente modelo,PONTA DELGADA,9500-376,303,PT010001
471010003,471,MDL RETAIL VISEU,303,continente modelo,VISEU,3505-639,303,PT010001
7940010004,7940,CBD SAO B MESSINES,302,continente bom dia,SAO B MESSINES,8375-129,302,PT010001
7679010006,7679,CBD MONTE DA VIRGEM,302,continente bom dia,VILA NOVA DE GAIA,4430-433,302,PT010001
5738010003,5738,CBD 500 5 DE OUTUBRO,302,continente bom dia,LISBOA,1050-053,302,PT010001
12010002,12,CNT VASCO GAMA,143,continente,LISBOA,1990-094,143,PT010001
6174010003,6174,CBD MONTE CAPARICA,302,continente bom dia,ALMADA,2825-178,302,PT010001
7773010004,7773,CBD 500 SÃO BENTO,302,continente bom dia,LISBOA,1200-817,302,PT010001
2596010005,2596,CBD ARMAÇAO DE PERA,302,continente bom dia,ARMAÇÃO DE PERA,8365-138,302,PT010001
1051010003,1051,CNT TAVIRA G PLAZA,143,continente,TAVIRA,8800-318,143,PT010001
3010003,3,CNT CASCAIS,143,continente,ALCABIDECHE,2645-543,143,PT010001
1904010004,1904,CBD ALVALADE,302,continente bom dia,LISBOA,1700-007,302,PT010001
9369010006,9369,CBD 800 ARGANIL,302,continente bom dia,ARGANIL,3300-035,302,PT010001
3193010005,3193,CBD OLIVEIRA HOSPITA,302,continente bom dia,OLIVEIRA DO HOSPITAL,3400-173,302,PT010001
322010002,322,CBD VIZ AMADORA,302,continente bom dia,AMADORA,2700-270,302,PT010001
458010003,458,CNT AVEIRO,143,continente,AVEIRO,3800-243,143,PT010001
244010003,244,MDL V. CONDE,303,continente modelo,VILA DO CONDE,4480-776,303,PT010001
263010002,263,MDL MONÇÃO,303,continente modelo,MONÇÃO,4950-855,303,PT010001
7927010003,7927,TENDA MCH MAFRA,143,continente,MAFRA,2640-453,143,PT010001
459010002,459,CNT BRAGA,143,continente,BRAGA,4715-249,143,PT010001
296010002,296,MDL PALMELA,303,continente modelo,PALMELA,2950-313,303,PT010001
2081010002,2081,MDL CAMACHA,303,continente modelo,CAMACHA,9135-060,303,PT010001
275010004,275,MDL CANTANHEDE,303,continente modelo,CANTANHEDE,3060-127,303,PT010001
463010004,463,CNT OEIRAS,143,continente,OEIRAS,2770-195,143,PT010001
7908010003,7908,TENDA CNT BRAGA MC,143,continente,BRAGA,4710-249,143,PT010001
375010002,375,MDL BOMBARRAL,303,continente modelo,BOMBARRAL,2540-095,303,PT010001
2618010003,2618,CBD PADRÃO DA LÉGUA,302,continente bom dia,MATOSINHOS,4465-215,302,PT010001
6175010004,6175,CBD CHAVES,302,continente bom dia,CHAVES,5400-080,302,PT010001
226010002,226,MDL GAIA,303,continente modelo,VILA NOVA DE GAIA,4430-010,303,PT010001
6173010003,6173,CBD ALFRAGIDE,302,continente bom dia,AMADORA,2610-095,302,PT010001
4351010004,4351,CBD CASTRO DAIRE,302,continente bom dia,CASTRO DAIRE,3600-124,302,PT010001
2608010008,2608,CBD GAFANHA NAZARE,302,continente bom dia,GAFANHA DA NAZARE,3830-690,302,PT010001
4321010004,4321,CBD ERICEIRA,302,continente bom dia,ERICEIRA,2655-000,302,PT010001
1392010007,1392,MDL PENICHE,303,continente modelo,AJUDA-PENICHE,2520-000,303,PT010001
284010002,284,MDL REGUENGOS,303,continente modelo,REGUENGOS MONSARAZ,7200-516,303,PT010001
3594010003,3594,CBD FARO MONTENEGRO,302,continente bom dia,FARO,8005-267,302,PT010001
208010004,208,MDL LOULE,303,continente modelo,LOULÉ,8100-390,303,PT010001
203010003,203,CNT VISEU,143,continente,VISEU,3510-159,143,PT010001
1703010006,1703,CBD CABECEIRAS BASTO,302,continente bom dia,CABECEIRAS BASTO,4860-306,302,PT010001
6154010003,6154,CBD RP MATOSINHOS,302,continente bom dia,Santa Cruz do Bispo,4450-337,302,PT010001
1397010009,1397,CBD MASSAMA SUL,302,continente bom dia,MASSAMA-SINTRA,2745-838,302,PT010001
230010003,230,MDL GUARDA,303,continente modelo,GUARDA,6300-566,303,PT010001
297010004,297,MDL OURÉM,303,continente modelo,OURÉM,2490-542,303,PT010001
8765010003,8765,CBD LARGO DO RATO,302,continente bom dia,LISBOA,1250-012,302,PT010001
4418010006,4418,CBD BUARCOS FIG FOZ,302,continente bom dia,BUARCOS,3080-323,302,PT010001
8442010003,8442,CBD POUS  SARAMAGOS,302,continente bom dia,VILA NOVA FAMALICAO,4770-000,302,PT010001
204010002,204,CNT VILA REAL,143,continente,VILA REAL,5000-436,143,PT010001
6989010003,6989,CBD FARO BOM JOAO,302,continente bom dia,FARO,8000-241,302,PT010001
218010004,218,MDL PORTALEGRE,303,continente modelo,PORTALEGRE,7300-526,303,PT010001
268010003,268,MDL VAGOS,303,continente modelo,VAGOS,3840-560,303,PT010001
257010003,257,MDL MADEIRASHOP.,303,continente modelo,FUNCHAL,9024-501,303,PT010001
9010002,9,CNT COLOMBO,143,continente,LISBOA,1500-392,143,PT010001
4593010003,4593,CBD 500 AV PARIS,302,continente bom dia,LISBOA,1000-226,302,PT010001
272010002,272,MDL GULPILHARES,303,continente modelo,V. NOVA GAIA,4405-671,303,PT010001
1910010006,1910,CBD FÁTIMA,302,continente bom dia,Fatima,2495-440,302,PT010001
335010002,335,CBD LARANJEIRO,302,continente bom dia,ALMADA,2810-371,302,PT010001
326010002,326,CBD AREOSA,302,continente bom dia,PEDROUÇOS  MAIA,4435-617,302,PT010001
279010003,279,MDL FUNDÃO,303,continente modelo,FUNDÃO,6230-346,303,PT010001
3368010005,3368,CBD CARNAXIDE,302,continente bom dia,CARNAXIDE,2790-072,302,PT010001
8467010003,8467,CBD ERMESINDE,302,continente bom dia,ERMESINDE,4445-658,302,PT010001
9649010003,9649,CBD MIRA,302,continente bom dia,MIRA,3070-399,302,PT010001
235010002,235,MDL RIO TINTO,303,continente modelo,RIO TINTO,4435-213,303,PT010001
5179010004,5179,CBD S JOAO MADEIRA,302,continente bom dia,S JOAO DA MADEIRA,3700-205,302,PT010001
1393010005,1393,MDL BARCELOS,303,continente modelo,BARCELOS,4750-804,303,PT010001
1706010005,1706,CBD DEFENSORES CHAVE,302,continente bom dia,LISBOA,1000-245,302,PT010001
3212010003,3212,CBD VALENÇA,302,continente bom dia,VALENÇA,4930-000,302,PT010001
4420010005,4420,CBD VIZ VIA RÁPIDA,302,continente bom dia,PORTO,4149-008,302,PT010001
318010004,318,CBD VIZ PRELADA,302,continente bom dia,PORTO,4250-376,302,PT010001
4961010003,4961,CBD CAMPO 24 AGOSTO,302,continente bom dia,PORTO,4000-208,302,PT010001
5751010006,5751,CBD DARQUE,302,continente bom dia,VIANA DO CASTELO,4935-183,302,PT010001
14010002,14,CNT ANTAS,143,continente,PORT0,4350-149,143,PT010001
2632010004,2632,CBD CHARNECA CAPARIC,302,continente bom dia,ALMADA,2820-000,302,PT010001
288010003,288,MDL S.FELIX MARINHA,303,continente modelo,S. FELIX DA MARINHA,4410-151,303,PT010001
252010002,252,MDL OLHAO,303,continente modelo,OLHÃO,8000-173,303,PT010001
291010002,291,MDL ESTREMOZ,303,continente modelo,ESTREMOZ,7100-055,303,PT010001
2594010004,2594,SS E-COMMERCE LISBOA,143,continente,Lisboa,1600-542,143,PT010001
3780010003,3780,CBD 500 BNF AG COSTA,302,continente bom dia,LISBOA,1500-064,302,PT010001
206010004,206,MDL MONTIJO,303,continente modelo,MONTIJO,2870-152,303,PT010001
1502010006,1502,CBD FIÃES,302,continente bom dia,FIÃES VFR,4505-304,302,PT010001
4246010004,4246,CBD ESTARREJA,302,continente bom dia,ESTARREJA,3860-207,302,PT010001
11010004,11,CNT LOURESHOPPING,143,continente,LOURES,2670-482,143,PT010001
439010006,439,CNT MAFRA,143,continente,MAFRA,2640-453,143,PT010001
6332010006,6332,MDL PORTO DE MOS,303,continente modelo,PORTO DE MÓS,2480-062,303,PT010001
379010004,379,MDL MEM MARTINS,303,continente modelo,ALGUEIRAO-MEM MARTIN,2725-223,303,PT010001
278010002,278,MDL ALHOS VEDROS,303,continente modelo,ALHOS VEDROS,2860-004,303,PT010001
207010002,207,CNT BEJA,143,continente,BEJA,7800-522,143,PT010001
211010002,211,MDL FELGUEIRAS,303,continente modelo,FELGUEIRAS,4610-211,303,PT010001
462010002,462,CNT MONTIJO,143,continente,MONTIJO,2870-500,143,PT010001
2210010005,2210,CBD 800VILA P AGUIAR,302,continente bom dia,VILA POUCA DE AGUIAR,5450-135,302,PT010001
1008010002,1008,MDL AVINTES,303,continente modelo,AVINTES,4430-826,303,PT010001
3886010007,3886,MDL LISBOA MARECHAL,303,continente modelo,LISBOA,1800-255,303,PT010001
389010002,389,MDL S.JOÃO TALHA,303,continente modelo,S J TALHA,2695-671,303,PT010001
7804010009,7804,CBD FRANCELOS,302,continente bom dia,VILA NOVA DE GAIA,4405-706,302,PT010001
202010002,202,CNT PORTIMÃO,143,continente,PORTIMÃO,8500-510,143,PT010001
1050010007,1050,CNT BRAGA N. ARCADA,143,continente,BRAGA,4700-207,143,PT010001
283010002,283,MDL GRANDOLA,303,continente modelo,GRANDOLA,7570-125,303,PT010001
4678010005,4678,CBD 500 BOM SUCESSO,302,continente bom dia,PORTO,4050-145,302,PT010001
5753010003,5753,CBD 500 MOSCAVIDE,302,continente bom dia,MOSCAVIDE,1885-003,302,PT010001
299010003,299,MDL PONTE LIMA,303,continente modelo,PONTE LIMA,4990-096,303,PT010001
269010004,269,MDL MARINHA GRANDE,303,continente modelo,MARINHA GRANDE,2430-308,303,PT010001
4327010003,4327,CBD ALCANTARILHA,302,continente bom dia,ALCANTARILHA,8365-023,302,PT010001
3583010004,3583,CBD SETUBAL VARIANTE,302,continente bom dia,SETUBAL,2900-717,302,PT010001
806010002,806,MDL Rib Grnd-Açores,303,continente modelo,RIBEIRA GRANDE,9600-516,303,PT010001
222010002,222,MDL AMARANTE,303,continente modelo,AMARANTE,4600-279,303,PT010001
4289010004,4289,CBD V REAL S ANTONIO,302,continente bom dia,V REAL DE S ANTONIO,8900-211,302,PT010001
1498010004,1498,CBD 800 ALCACER SAL,302,continente bom dia,ALCACER DO SAL,7580-329,302,PT010001
201010002,201,MDL ALBUFEIRA,303,continente modelo,ALBUFEIRA,8200-161,303,PT010001
273010002,273,MDL LOUSADA,303,continente modelo,LOUSADA,4620-000,303,PT010001
237010002,237,MDL PORTO ALTO,303,continente modelo,SAMORA CORREIA,2135-000,303,PT010001
965010003,965,MDL PORTO ALTO I,303,continente modelo,SAMORA CORREIA,2135-000,303,PT010001
7877010003,7877,TENDA MH BRAGA,303,continente modelo,BRAGA,4700-154,303,PT010001
216010002,216,MDL MARCO,303,continente modelo,MARCO DE CANAVESES,4630-205,303,PT010001
460010002,460,CNT ARRABIDA,143,continente,VILA NOVA DE GAIA,4404-504,143,PT010001
446010002,446,CNT LOULÉ,143,continente,LOULÉ,8100-616,143,PT010001
3473010006,3473,MDL BELAS,303,continente modelo,BELAS,2605-086,303,PT010001
7303010004,7303,CBD V Porto-Açores,302,continente bom dia,VILA DO PORTO,9580-501,302,PT010001
260010003,260,MDL PONTE DE SOR,303,continente modelo,PONTE SÔR,7400-259,303,PT010001
253010002,253,MDL BARREIRO,303,continente modelo,BARREIRO,2830-528,303,PT010001
233010002,233,MDL SILVES,303,continente modelo,SILVES,8300-038,303,PT010001
5766010004,5766,CBD DUQUE DE LOULÉ,302,continente bom dia,LISBOA,1050-092,302,PT010001
1055010003,1055,MDL REGUA,303,continente modelo,PESO DA REGUA,5050-262,303,PT010001
2756010006,2756,CBD AQUA DE ROMA,302,continente bom dia,LISBOA,1000-261,302,PT010001
4902010004,4902,CBD 500 MARTIM MONIZ,302,continente bom dia,LISBOA,1100-341,302,PT010001
4121010005,4121,CBD VIEIRA DE LEIRIA,302,continente bom dia,VIEIRA DE LEIRA,2430-725,302,PT010001
2085010002,2085,MDL MACHICO CENTRO,303,continente modelo,MACHICO,9200-102,303,PT010001
315010002,315,CBD VIZ MAIA,302,continente bom dia,MAIA,4470-202,302,PT010001
3194010005,3194,CBD PROF MOTA PINTO,302,continente bom dia,"RAMALDE, PORTO",4100-280,302,PT010001
4575010003,4575,CBD 800 ALCANENA,302,continente bom dia,ALCANENA,2380-667,302,PT010001
293010003,293,MDL LOUSÃ,303,continente modelo,LOUSÃ,3200-202,303,PT010001
4573010003,4573,CBD 500 GOMES FREIRE,302,continente bom dia,LISBOA,1150-175,302,PT010001
466010002,466,MDL Ferrara Plaza,303,continente modelo,PAÇOS DE FERREIRA,4590-060,303,PT010001
2087010002,2087,MDL ESTREITO,303,continente modelo,CAMARA DE LOBOS,9325-063,303,PT010001
1000010002,1000,MDL MOZELOS,303,continente modelo,MOZELOS,4535-211,303,PT010001
8466010003,8466,CBD 500 XABREGAS,302,continente bom dia,LISBOA,1900-438,302,PT010001
10010002,10,CNT MAIA,143,continente,ERMESINDE,4470-274,143,PT010001
248010002,248,MDL REBORDOSA,303,continente modelo,PAREDES,4585,303,PT010001
3739010004,3739,CBD AMIAL,302,continente bom dia,PARANHOS,4200-062,302,PT010001
267010003,267,MDL ANADIA,303,continente modelo,ANADIA,3780-294,303,PT010001
2075010004,2075,MDL MIRANDELA,303,continente modelo,MIRANDELA,5370-408,303,PT010001
8010002,8,CNT GUIMARAES,143,continente,GUIMARÃES,4805-075,143,PT010001
228010003,228,MDL MAIA,303,continente modelo,MAIA,4425-116,303,PT010001
7780010004,7780,CBD 500 AV REPUB. LX,302,continente bom dia,LISBOA,1050-243,302,PT010001
1004010004,1004,MDL LECA BALIO,303,continente modelo,LEÇA DO BALIO,4465-617,303,PT010001
1981010006,1981,CBD S.MARCOS-SINTRA,302,continente bom dia,SINTRA,2735-529,302,PT010001
6010003,6,CNT COIMBRASHOPPING,143,continente,COIMBRA,3030-403,143,PT010001
7031010004,7031,CBD MONTEMOR O NOVO,302,continente bom dia,MONTEMOR O NOVO,7050-101,302,PT010001
3466010005,3466,CBD SOBREDA,302,continente bom dia,"SOBREDA, ALMADA",2815-892,302,PT010001
295010003,295,MDL MANGUALDE,303,continente modelo,MANGUALDE,3530-112,303,PT010001
5769010007,5769,CBD CASTELO BRANCO,302,continente bom dia,CASTELO BRANCO,6000-040,302,PT010001
4552010005,4552,CBD CANIDELO,302,continente bom dia,CANIDELO,4400-415,302,PT010001
304010004,304,CBD VALE FORMOSO,302,continente bom dia,PARANHOS,4250-269,302,PT010001
7907010002,7907,TENDA CNT GAIASHOPP,143,continente,VILA NOVA DE GAIA,4404-501,143,PT010001
7910010002,7910,TENDA MDL AMARANTE,303,continente modelo,AMARANTE,4600-279,303,PT010001
9665010007,9665,CBD GRIJÓ,302,continente bom dia,GRIJÓ,4415-425,302,PT010001
3197010005,3197,CBD ESPINHO,302,continente bom dia,ESPINHO,4500-268,302,PT010001
7913010002,7913,TENDA MDL SF MARINHA,303,continente modelo,S FELIX DA MARINHA,4410-151,303,PT010001
782010004,782,CBD 200 ARROIOS,302,continente bom dia,LISBOA,1150-055,302,PT010001
7906010002,7906,TENDA CNT VIANA,143,continente,VIANA DO CASTELO,4900-204,143,PT010001
7837010004,7837,TENDA MAIASHOPPING,143,continente,ERMESINDE,4449-909,143,PT010001
7904010002,7904,TENDA CNT BEJA,143,continente,BEJA,7800-522,143,PT010001
7892010005,7892,TENDA MH OUREM,303,continente modelo,OUREM,2490-542,303,PT010001
